artist_name,track_name,album_name,track_type,streams_total,streams_daily,scraping_date
Damso,Macarena,,solo,274975714,112801,2025-12-16
Damso,Mwaka Moon,,feat,196932457,63966,2025-12-16
Damso,Dieu ne ment jamais,,solo,175647535,94065,2025-12-16
Damso,Signaler,,solo,173025750,74560,2025-12-16
Damso,Feu de bois,,solo,170651968,65698,2025-12-16
Damso,Mosaïque solitaire,,solo,151560593,56863,2025-12-16
Damso,J Respect R,,solo,140410278,48339,2025-12-16
Damso,Tricheur,,feat,128149531,21953,2025-12-16
Damso,MOROSE,,solo,116754189,46277,2025-12-16
Damso,RENCONTRE,,feat,107570502,48722,2025-12-16
Damso,Mobali,,feat,106723468,17883,2025-12-16
Damso,Démons,,feat,102727549,31606,2025-12-16
Damso,911,,solo,102321501,30228,2025-12-16
Damso,Rêves bizarres (feat. Damso),,feat,100511794,17025,2025-12-16
Damso,Pyramide,,feat,97727944,121576,2025-12-16
Damso,Dégaine (feat. Damso),,feat,96402562,24665,2025-12-16
Damso,God Bless (feat. Damso),,feat,95072267,42853,2025-12-16
Damso,Alpha,,solo,87972320,106814,2025-12-16
Damso,Nocif,,feat,84973968,23631,2025-12-16
Damso,Smog,,solo,83572844,13215,2025-12-16
Damso,Autotune,,solo,82711823,48289,2025-12-16
Damso,LA RUE,,feat,81552965,20529,2025-12-16
Damso,Ipséité - Bonus Track,,solo,77300295,12860,2025-12-16
Damso,DEUX TOILES DE MER,,solo,74719632,20363,2025-12-16
Damso,Silence,,solo,73555247,25647,2025-12-16
Damso,Paris c'est loin,,solo,72485520,24898,2025-12-16
Damso,Kietu,,solo,70119726,29704,2025-12-16
Damso,60 années,,solo,66213859,26544,2025-12-16
Damso,Nwaar Is The New Black,,solo,65624005,14609,2025-12-16
Damso,COEUR EN MIETTES,,solo,64815033,28967,2025-12-16
Damso,BXL ZOO,,solo,63906871,12140,2025-12-16
Damso,Du mal à te dire,,feat,63861350,21660,2025-12-16
Damso,Promo (feat. Damso),,feat,59960039,13648,2025-12-16
Damso,Vitrine,,feat,57086879,16322,2025-12-16
Damso,Impardonnable,,solo,56141350,153285,2025-12-16
Damso,COEUR DE ICE (feat. Damso & PRINC€),,feat,55970804,15778,2025-12-16
Damso,R9R-LINE (feat. Damso),,feat,54466650,8616,2025-12-16
Damso,BODIES (feat. Damso),,feat,52728833,12793,2025-12-16
Damso,BruxellesVie,,solo,52712446,11480,2025-12-16
Damso,Noche,,feat,50248757,11088,2025-12-16
Damso,#QuedusaalVie,,solo,48561273,7906,2025-12-16
Damso,LIFE LIFE,,solo,48475620,12415,2025-12-16
Damso,Pa Pa Paw,,solo,47696075,132393,2025-12-16
Damso,Quoi de neuf bébé,,feat,45921528,40433,2025-12-16
Damso,VANTABLACK,,solo,44732232,12649,2025-12-16
Damso,Kin la belle,,solo,43694227,11330,2025-12-16
Damso,Lové,,solo,42546977,13849,2025-12-16
Damso,Triple V,,feat,41869675,124542,2025-12-16
Damso,Julien,,solo,41117927,12082,2025-12-16
Damso,BPM,,solo,40176061,13871,2025-12-16
Damso,2 DIAMANTS,,solo,38850524,7579,2025-12-16
Damso,113,,feat,38385686,5195,2025-12-16
Damso,Graine de sablier,,solo,37708261,18580,2025-12-16
Damso,Coeur De Pirate,,solo,36368660,7425,2025-12-16
Damso,Humains - Bonus Track,,solo,36331031,23703,2025-12-16
Damso,Débrouillard,,solo,35658875,14271,2025-12-16
Damso,SENTIMENTAL,,solo,35260236,8145,2025-12-16
Damso,TieksVie,,solo,34276692,5096,2025-12-16
Damso,Périscope,,solo,33343333,7904,2025-12-16
Damso,Baltringue,,solo,32770682,8557,2025-12-16
Damso,Dix leurres,,solo,32188317,6877,2025-12-16
Damso,Malpolis,,feat,32035431,6330,2025-12-16
Damso,William,,solo,30886766,5895,2025-12-16
Damso,But en or,,feat,30301351,4495,2025-12-16
Damso,Pinocchio,,feat,29777791,8267,2025-12-16
Damso,Fais-moi un Vie,,solo,29210358,6134,2025-12-16
Damso,Mort,,solo,28857736,5666,2025-12-16
Damso,Gova,,solo,28502891,6488,2025-12-16
Damso,TU ME RENDS BÊTE,,feat,28187629,187839,2025-12-16
Damso,MEVTR,,solo,27433257,3558,2025-12-16
Damso,Une âme pour deux,,solo,26079182,12860,2025-12-16
Damso,D'JA ROULÉ,,solo,25857344,5379,2025-12-16
Damso,02:00,,feat,25314225,39024,2025-12-16
Damso,Aux paradis,,solo,25122169,4105,2025-12-16
Damso,J'avais juste envie d'écrire.,,solo,25110457,6284,2025-12-16
Damso,Festival de rêves,,solo,24832098,5135,2025-12-16
Damso,CHIALER,,solo,24823790,6224,2025-12-16
Damso,THEVIE RADIO,,solo,23996365,5916,2025-12-16
Damso,Perplexe,,solo,23987243,4573,2025-12-16
Damso,Peur d'être père,,solo,23933179,4799,2025-12-16
Damso,Introduction (Damso / Lithopédion),,solo,23742967,3618,2025-12-16
Damso,CQFD,,solo,23434992,4007,2025-12-16
Damso,Noir meilleur,,solo,23351319,5508,2025-12-16
Damso,ROSE MARTHE'S LOVE,,solo,23345801,4144,2025-12-16
Damso,DOSE,,solo,22744116,3607,2025-12-16
Damso,JTC,,feat,22697494,2521,2025-12-16
Damso,Monde,,solo,22030931,14991,2025-12-16
Damso,Même issue,,solo,21989930,3216,2025-12-16
Damso,Œveillé,,solo,21519331,3373,2025-12-16
Damso,OG,,solo,21378064,3505,2025-12-16
Damso,Noob Saibot,,solo,21317359,5654,2025-12-16
Damso,NMI,,solo,20985990,3855,2025-12-16
Damso,Beautiful,,solo,20271282,7350,2025-12-16
Damso,INTRO,,solo,19884241,3644,2025-12-16
Damso,PASSION,,solo,18981569,5638,2025-12-16
Damso,VIVRE UN PEU,,solo,18611336,4673,2025-12-16
Damso,Love is blind,,solo,18549966,37510,2025-12-16
Damso,POUR L'ARGENT,,solo,18462240,2441,2025-12-16
Damso,FAIS ÇA BIEN,,solo,18368743,2386,2025-12-16
Damso,Tard la night,,solo,17570701,2658,2025-12-16
Damso,Ivre,,feat,17365255,1484,2025-12-16
Damso,YOUVOI,,solo,16968425,3633,2025-12-16
Damso,Smeagol,,solo,16804884,4135,2025-12-16
Damso,Personne,,feat,16645384,1161,2025-12-16
Damso,Exutoire,,solo,16452646,5549,2025-12-16
Damso,Robe,,feat,16237311,7084,2025-12-16
Damso,ZWAAR,,solo,15833083,3026,2025-12-16
Damso,Quotidien de baisé,,solo,14948752,4033,2025-12-16
Damso,JCVDEMS,,solo,14678163,27382,2025-12-16
Damso,QuedelaVie,,solo,14054383,3117,2025-12-16
Damso,Magic (feat. I.A.),,solo,13471498,20820,2025-12-16
Damso,Sombre,,solo,12996628,3116,2025-12-16
Damso,Laisse-moi tranquille.,,solo,12464388,8231,2025-12-16
Damso,CHROME,,solo,12220958,6726,2025-12-16
Damso,Qui m'a demandé,,solo,11486547,22299,2025-12-16
Damso,Schéma,,solo,11022151,9161,2025-12-16
Damso,Limbisa ngai,,solo,10963399,7598,2025-12-16
Damso,Etranger (feat. Damso),,feat,10961995,4214,2025-12-16
Damso,Tout tenter,,solo,10540140,7800,2025-12-16
Damso,Mucho Dinero,,solo,10489308,1378,2025-12-16
Damso,THEVIE RADIO (Interlude),,solo,9842888,946,2025-12-16
Damso,Frère,,solo,9412964,14658,2025-12-16
Damso,RVRE,,feat,9235203,1023,2025-12-16
Damso,I Love You,,feat,8754383,1961,2025-12-16
Damso,T'es mon DEL,,solo,8572270,15964,2025-12-16
Damso,VIE OLENCE,,solo,8415307,14757,2025-12-16
Damso,ParoVie (feat. Damso),,feat,8255699,722,2025-12-16
Damso,Mony (feat. Michkavie),,solo,8001427,4860,2025-12-16
Damso,Conséquences,,solo,7900282,6014,2025-12-16
Damso,Grand Soleil,,solo,7829686,15389,2025-12-16
Damso,Wolof,,solo,7821501,11407,2025-12-16
Damso,KAKI,,solo,7743924,16507,2025-12-16
Damso,Praliné,,feat,7700904,1456,2025-12-16
Damso,YA TENGO SENTIMIENTOS,,solo,7153399,10454,2025-12-16
Damso,Slow,,feat,6763077,1583,2025-12-16
Damso,24h plus tôt,,solo,6673284,5553,2025-12-16
Damso,FREE CONGO,,feat,6252951,6514,2025-12-16
Damso,Lubie,,feat,5933094,1763,2025-12-16
Damso,Police,,solo,5733926,8098,2025-12-16
Damso,Fibonacci,,solo,5537857,8493,2025-12-16
Damso,Du feu,,feat,5473927,2247,2025-12-16
Damso,COMMENT FAIRE UN TUBE,,solo,5447842,3820,2025-12-16
Damso,La rue est morte.,,solo,5447672,3549,2025-12-16
Damso,MAMILĀH,,solo,5238934,7747,2025-12-16
Damso,Démons - live orchestral,,feat,4328199,1217,2025-12-16
Damso,Best,,feat,4215792,1049,2025-12-16
Damso,DAMSAUTISTE,,solo,4109187,2263,2025-12-16
Damso,MTL,,solo,3985325,30179,2025-12-16
Damso,CHIALER LIVE,,solo,3798378,3161,2025-12-16
Damso,Wanted You to Know,,feat,3777923,983,2025-12-16
Damso,"COSMOS (ma première chanson, j'avais 16 ans)",,solo,3214379,2435,2025-12-16
Damso,,,feat,3198150,799,2025-12-16
Damso,YOUVOI LIVE,,solo,2743351,3556,2025-12-16
Damso,MA PUTAIN,,solo,2696880,2662,2025-12-16
Damso,BROUILLARD,,solo,2545420,2263,2025-12-16
Damso,DEUX TOILES DE MER LIVE,,solo,2372852,3539,2025-12-16
Damso,COEUR EN MIETTES LIVE,,solo,2236331,1535,2025-12-16
Damso,EGO,,solo,2096475,1619,2025-12-16
Damso,ON N'EST JAMAIS MIEUX COMPRIS QUE PAR SOI-MÊME,,solo,2037132,1407,2025-12-16
Damso,VAGABOND,,solo,1453803,1107,2025-12-16
Damso,Démons - live orchestral,,feat,1366813,438,2025-12-16
Damso,DOSE LIVE,,solo,1295097,963,2025-12-16
Damso,LE TALENT NE SUFFIT PAS,,solo,1200576,927,2025-12-16
Damso,CINÉASTE,,solo,1198832,1108,2025-12-16
Damso,Rondo,,solo,1172175,8559,2025-12-16
Damso,Prise de conscience,,solo,1136291,6188,2025-12-16
Damso,BLASE,,solo,1013245,901,2025-12-16
Damso,ISOLER,,solo,905118,699,2025-12-16
